name=Milad Fattahi, email=milad.fattahi@uni.ir
name=Bahram Mousavi, email=bahram.mousavi@domain
name=Parsa Golkar, email=parsa.golkar@host.ir
name=Reza Moradi, email=moradi.reza@uni.ir
name=Negar Fallahi, email=negafallahi@work.com
name=Yasaman Rezaei, email=yasamanrezaeiexample.com
name=Niloufar Heidari, email=niloufarheidari@lab.ir
name=Taraneh Nikzad, email=taraneh@nikzad@uni.com
name=Mahsa Akbari, email=mahsa_akbari@domain.com
name=Ali Rezaei, email=ali.rezaei@example.com
name=Farhad Zarei, email=zarei-farhad@host.ir
name=Hamed Jalali, email=hamed.jalali@net.com
name=Ehsan Barati, email=ehsan..barati@mail.com
name=Ramin Shafiei, email=ramin.shafiei@project.net
name=Laleh Sadeghi, email=sadeghi.laleh@work.ir
name=Roya Ahmadi, email=roya.ahmadi@domain.123
name=Amir Hosseini, email=amirhosseini@@mail.com
name=Pouya Nouri, email=nouri.pouya@mail.ir
name=Elham Davari, email=elhamdavari@office.net
name=Marjan Jalayer, email=marjanjalayer@domain,com
name=Kaveh Soltani, email=kaveh.soltani@.com
name=Behnam Khatibi, email=behnam.khatibi@mail.org
name=Sara Soleimani, email=sara.soleimani@host.ir
name=Mona Abdi, email=mona_abdi@mail
name=Leila Karami, email=leila karami@mail.ir
name=Shirin Hashemi, email=shirin_hashemi@domain.com
name=Arman Khalili, email=arman.khalili@school.ir
name=Elina Tavakoli, email=elina.tavakoli@@example.com
name=Vahid Azizi, email=azizi_vahid@mail..com
name=Omid Nazari, email=omidnazari@host
name=Raha Esfandiari, email=rahaesfandiari@company.com
name=Payam Farhadi, email=payam.farhadi@.org
name=Kiana Ghasemi, email=kiana.ghasemi@uni.edu
name=Navid Khodadadi, email=navid_khodadadi@research.org
name=Sina Amini, email=sina_amini@domain,ir
name=Mehrdad Ebrahimi, email=mehrdad.ebrahimi@example.org
name=Mahsa Akbari, email=mahsa_akbari@@domain.com
name=Haleh Khaki, email=haleh.khaki@@mail.com
name=Ramin Shafiei, email=raminshafiei@project.net
name=Hamed Jalali, email=hamedjalali@domain.org